Word,Query,link-live-streaming-real-madrid-vs-inter-milan-kick-off-03,hasil-liga-champions-liverpool-pesta-5-gol-real-madrid-bangkit?page=all,barcelona-terancam-pailit-messi-pun-tak-bisa-berkelit-?page=all,tanpa-menang-satu-pun-balapan-joan-mir-bisa-juara-motogp-2020?page=all,atalanta-vs-liverpool-klopp-akhiri-kutukan-di-italia-dengan-rekor?page=all,hasil-liga-champions-atletico-tertahan-lokomotiv-gladbach-libas-shakhtar-6-0?page=all,top-skor-liga-champions-diogo-jota-teratas-lewandowski-tembus-70?page=all,real-madrid-vs-inter-duel-sengit-5-gol-dimenangkan-sergio-ramos-dkk?page=all,atalanta-vs-liverpool-petaka-juergen-klopp-di-tanah-italia?page=all,link-live-streaming-atalanta-vs-liverpool-kick-off-03
kompa,0,1,1,1,1,1,1,1,1,1,1
com,0,2,1,3,1,1,2,2,1,1,1
duel,1,2,1,0,0,0,2,0,0,2,2
sengit,0,1,1,0,0,0,0,0,0,0,2
real,7,17,10,0,0,1,2,6,21,0,0
madrid,7,17,11,0,0,1,10,6,21,0,0
vs,2,9,2,0,0,2,6,2,5,5,6
inter,5,13,6,0,0,0,1,2,15,0,0
milan,1,5,5,0,0,0,1,5,13,0,0
bakal,0,2,0,2,0,0,0,0,0,0,1
tersaji,0,1,0,0,0,0,0,0,0,1,1
pada,1,4,5,1,8,3,11,1,8,2,2
matchday,0,2,1,0,0,0,0,0,0,0,0
ketiga,0,1,2,0,0,1,2,0,2,0,0
liga,0,4,7,0,0,4,3,12,2,7,4
champion,0,4,7,0,0,3,4,13,2,6,3
laga,2,3,6,0,0,6,8,1,3,1,1
akan,5,6,0,2,3,2,0,0,0,2,2
digelar,0,1,0,0,1,0,0,0,0,0,0
di,4,12,8,6,6,8,6,3,6,6,7
stadion,0,1,3,0,0,2,0,0,1,1,1
alfredo,0,1,1,0,0,0,0,0,1,0,0
stefano,0,1,1,0,0,0,0,0,1,0,0
valdebeba,0,1,0,0,0,0,0,0,0,0,0
rabu,0,1,2,0,0,1,1,0,1,1,1
dini,0,1,3,0,0,1,1,0,1,1,1
hari,0,1,3,0,0,1,1,0,2,1,1
pukul,0,1,0,0,0,0,0,0,0,0,0
wib,0,1,2,0,0,1,1,0,1,1,1
link,0,2,0,0,0,0,0,0,0,0,2
live,0,3,0,0,0,0,0,0,0,0,3
stream,0,3,0,0,0,0,0,0,0,0,3
tersedia,0,1,0,0,0,0,0,0,0,0,0
bagian,0,1,0,0,0,0,0,0,0,0,0
akhir,0,1,0,0,1,1,0,0,1,0,0
artikel,0,1,0,1,0,0,0,0,0,0,1
ini,3,6,2,4,10,4,4,0,1,3,2
pertandingan,2,4,0,0,0,0,2,0,4,1,4
diprediksi,0,1,0,0,0,0,0,0,0,0,0
berjalan,0,1,0,0,1,0,0,0,2,1,0
seru,0,2,0,0,0,0,0,0,0,0,0
karena,0,1,0,1,2,1,0,0,1,1,0
kedua,1,3,0,0,1,0,2,0,1,0,2
tim,3,4,3,1,0,3,1,0,0,1,8
sama,2,4,0,0,0,0,0,3,0,0,0
membutuhkan,0,1,0,0,0,0,0,0,0,0,0
kemenangan,1,3,6,0,2,6,2,1,4,0,1
baca,2,3,3,2,3,2,2,2,3,3,3
juga,2,3,4,2,5,4,2,3,4,3,4
jelang,0,1,0,0,0,0,0,0,0,1,1
satu,2,3,1,0,1,0,0,2,1,0,0
pemain,0,1,1,4,0,2,3,0,1,2,0
lo,0,2,1,0,0,0,0,0,1,0,0
blanco,0,2,1,0,0,0,0,0,1,0,0
positif,0,1,1,1,0,1,1,0,0,0,0
covid,0,1,0,1,0,0,1,0,0,0,0
baik,1,2,0,0,0,0,2,0,0,1,1
maupun,0,1,0,0,0,0,0,0,0,0,0
sejauh,0,1,0,1,1,0,0,0,0,1,0
memang,0,1,0,1,0,0,0,0,0,0,0
belum,0,1,0,0,3,0,0,0,0,0,1
meraih,4,5,4,0,1,0,0,0,0,0,0
mengawali,0,1,0,0,0,0,0,0,0,0,0
kompetisi,0,1,0,0,0,1,0,0,0,0,0
dengan,2,3,8,2,3,3,7,5,3,7,5
kekalahan,0,1,0,0,0,3,0,0,0,0,0
dari,2,3,2,3,5,3,7,2,6,1,0
shakhtar,1,2,3,0,0,0,5,0,1,0,0
donetsk,1,2,2,0,0,0,1,0,0,0,0
kemudian,0,1,0,0,0,0,0,0,1,0,0
klub,0,1,0,3,0,1,0,0,0,0,0
berjulukan,0,1,0,0,0,0,0,0,0,0,0
itu,1,2,0,1,5,1,5,4,0,3,1
hanya,1,2,0,1,1,1,0,1,0,0,0
bisa,0,2,0,2,1,2,2,0,1,0,2
bermain,1,2,0,0,0,2,2,2,1,0,0
imbang,2,3,0,0,0,0,0,0,0,0,0
kontra,0,1,0,0,0,0,0,0,0,0,0
borussia,0,1,2,0,0,0,1,1,0,0,0
moenchengladbach,1,2,0,0,0,0,4,1,0,0,0
hasil,2,3,3,0,0,2,3,1,1,1,0
tersebut,1,2,1,0,0,0,0,1,0,0,1
membuat,0,1,2,3,0,1,0,0,4,0,0
terpuruk,0,1,0,0,0,0,0,0,0,0,0
dasar,0,1,1,0,0,0,0,0,1,0,0
klasemen,2,2,3,0,3,1,1,0,2,0,0
grup,2,2,10,0,0,3,5,1,3,1,2
b,2,2,4,0,0,0,3,0,3,0,0
nilai,1,1,0,0,0,0,0,0,0,0,0
sementara,1,1,1,0,0,0,2,1,1,1,1
berada,1,1,0,0,2,0,2,0,0,0,0
strip,1,1,0,0,0,0,0,0,0,0,0
ata,1,1,4,0,0,6,2,2,1,0,1
setelah,1,1,0,0,1,2,1,1,2,0,0
dua,2,2,7,0,1,0,1,3,6,0,0
awal,1,1,1,0,0,0,0,0,0,0,0
yang,4,4,3,3,7,7,4,2,3,3,1
sudah,1,1,0,1,1,1,0,0,1,0,0
dilalui,1,1,0,0,0,0,0,0,0,0,0
pasukan,1,1,0,0,0,0,1,0,0,1,2
antonio,1,2,0,0,0,0,0,0,2,0,0
cont,1,2,0,0,0,0,0,0,2,0,0
selalu,1,1,0,0,0,1,0,0,0,2,0
ketika,1,1,2,0,0,2,0,0,0,1,0
menghadapi,1,1,0,0,1,1,0,0,0,0,3
dan,4,4,8,1,5,6,4,4,9,5,2
varan,1,1,0,0,0,0,0,0,1,0,0
nerazzurri,1,1,0,0,0,0,0,0,0,0,0
bukan,1,1,0,0,2,1,0,0,0,0,0
romelu,1,1,0,0,0,0,0,1,0,0,0
lukaku,1,1,0,0,0,0,0,1,0,0,0
kini,1,1,2,0,1,1,1,5,0,0,0
berambisi,1,1,0,0,0,0,0,0,0,0,0
tiga,3,3,6,0,4,5,3,1,2,0,0
poin,2,2,4,0,2,1,4,0,1,0,1
demi,2,2,0,0,2,0,0,0,0,0,0
menjaga,1,1,1,0,2,1,0,0,0,0,0
asa,1,1,0,0,0,0,0,0,0,0,0
lolo,1,1,0,1,0,0,0,0,0,0,0
ke,1,1,1,1,0,3,6,1,13,3,1
fase,1,1,1,0,0,0,0,0,0,0,0
gugur,1,1,0,0,0,0,0,0,0,0,0
beban,1,1,0,0,0,0,0,0,0,0,0
lebih,1,1,0,0,0,1,0,0,0,0,0
berat,1,1,0,0,0,0,0,0,0,0,0
ada,1,1,0,1,0,1,1,1,2,0,0
kubu,2,2,0,0,0,0,0,0,0,0,0
tuan,1,1,0,0,0,0,2,0,1,0,1
rumah,1,1,0,0,0,0,2,0,1,0,1
wajib,1,1,0,0,0,0,0,0,0,0,0
untuk,1,2,0,5,5,0,5,1,6,1,5
mendongkrak,1,1,0,0,0,0,0,0,0,0,0
posisi,2,2,0,0,0,0,3,3,0,0,0
mereka,2,2,0,2,0,0,1,0,0,5,2
papan,1,1,0,0,0,0,0,0,0,0,0
adalah,3,3,2,2,4,3,0,0,0,1,0
bagu,1,1,0,0,0,0,0,0,0,2,1
sangat,2,2,0,1,2,2,0,0,2,3,2
mengandalkan,1,1,0,0,0,0,0,0,0,0,0
fisik,1,1,0,0,0,0,0,0,0,0,0
menjadi,1,1,2,0,10,3,1,0,1,0,2
sulit,1,1,0,0,0,0,0,0,0,2,1
final,2,2,0,0,0,0,0,0,0,0,0
kata,1,1,0,1,2,1,0,0,0,0,1
pelatih,1,1,0,0,0,1,0,0,4,1,3
zinedin,1,1,0,0,0,0,0,0,2,0,0
zidan,1,1,0,0,0,0,0,0,4,0,0
haru,1,1,0,0,0,0,0,0,0,0,1
kami,5,5,0,3,0,2,0,0,0,1,6
ambil,1,1,0,0,0,0,0,0,0,0,0
setiap,1,1,0,0,0,0,0,0,0,0,1
tahu,1,1,0,0,1,0,0,0,0,0,0
berkonsentrasi,1,1,0,0,0,0,0,0,0,0,0
tanpa,1,1,3,0,1,2,0,0,0,0,0
memikirkan,1,1,0,0,0,0,0,0,0,0,0
apa,1,1,0,0,0,0,0,0,0,0,0
terjadi,1,1,0,0,0,0,0,1,0,1,0
nanti,1,1,0,0,0,0,0,0,0,0,0
imbuh,1,1,0,0,0,0,0,0,0,0,0
juru,2,2,0,0,0,0,0,0,0,1,0
taktik,1,1,0,0,0,1,0,0,0,0,0
asal,1,1,1,0,0,0,1,3,0,1,2
peranc,1,1,0,0,0,0,0,0,0,0,0
prediksi,1,1,0,0,0,0,0,0,0,0,0
pesakitan,1,1,0,0,0,0,0,0,0,0,0
tamu,1,1,0,0,0,0,1,0,0,0,0
memburu,1,1,0,0,0,0,0,0,0,0,0
angka,1,1,2,0,1,1,0,0,1,0,0
marka,1,1,1,1,0,1,0,0,0,1,0
menghindari,1,1,0,0,0,0,0,0,0,0,0
kunci,1,1,0,0,1,0,0,0,0,0,0
menghormati,1,1,0,0,0,0,0,0,0,0,0
tetapi,1,1,0,1,0,0,0,0,0,0,0
ingin,1,1,0,0,2,0,0,0,0,0,0
memainkan,1,1,0,0,0,0,0,0,0,1,0
kartu,1,1,0,0,0,0,0,0,0,0,0
terbaik,1,1,0,0,0,0,0,0,0,0,0
menang,1,1,3,0,1,2,0,1,0,0,1
ujar,1,1,0,0,1,1,0,0,0,1,0
disaksikan,0,1,0,0,0,0,0,0,0,0,1
secara,0,1,0,0,0,0,0,1,1,0,3
vidio,0,1,0,0,0,0,0,0,0,0,1
klik,0,2,0,0,0,0,0,0,0,0,1
tautan,0,1,0,0,0,0,0,0,0,0,1
berikut,0,1,1,0,0,0,0,1,0,0,1
mendapatkan,0,1,0,0,0,0,0,0,0,0,2
sini,0,1,0,0,0,0,0,0,0,0,1
liverpool,0,0,11,0,0,12,0,6,0,11,10
suks,0,0,3,0,0,0,1,0,2,0,0
kali,0,0,1,0,2,2,4,0,0,2,0
didapat,0,0,1,0,0,1,0,0,0,0,0
mengalahkan,0,0,2,0,0,0,0,2,0,0,0
wakil,0,0,2,0,0,1,1,0,0,1,0
italia,0,0,2,0,0,7,0,0,0,4,7
bertandang,0,0,1,0,0,0,0,0,0,1,0
atalanta,0,0,7,0,0,10,0,3,0,9,9
atleti,0,0,1,0,0,1,0,0,0,1,1
azzurri,0,0,1,0,0,1,0,0,0,0,0
tidak,0,0,2,2,6,1,1,1,4,1,1
tanggung,0,0,2,0,0,0,0,0,0,0,0
mempermalukan,0,0,2,0,0,0,0,0,0,0,0
lima,0,0,5,0,0,7,1,0,1,0,0
gol,0,0,9,0,0,5,3,11,13,0,0
bala,0,0,2,0,0,1,0,0,0,0,0
diogo,0,0,2,0,0,4,0,2,0,1,0
jota,0,0,2,0,0,4,0,5,0,1,0
bintang,0,0,2,0,0,1,0,0,0,0,0
seusai,0,0,1,0,0,1,1,0,0,0,0
mencetak,0,0,2,0,0,1,0,5,2,0,0
hattrick,0,0,1,0,0,1,1,2,0,0,0
alia,0,0,1,0,0,1,0,0,0,0,0
adapun,0,0,2,1,0,0,2,2,2,0,1
lainnya,0,0,1,0,2,0,2,1,0,0,0
tercatat,0,0,1,0,1,0,0,1,1,0,0
nama,0,0,1,0,0,0,0,3,1,0,0
moham,0,0,2,0,0,1,0,1,0,0,0
salah,0,0,2,1,0,2,0,1,0,0,0
sadio,0,0,2,0,0,2,0,1,0,0,0
mane,0,0,2,0,0,2,0,1,0,0,0
red,0,0,1,0,0,0,0,0,0,3,0
bergamo,0,0,1,0,0,0,0,0,0,0,0
tren,0,0,2,0,0,1,0,0,0,0,0
kebobolan,0,0,1,0,0,1,0,0,0,0,0
memimpin,0,0,1,0,0,1,0,0,0,0,0
koleksi,0,0,2,0,1,1,0,0,1,0,0
sembilan,0,0,1,0,0,1,0,0,0,0,0
unggul,0,0,1,0,1,1,1,0,3,0,0
ajax,0,0,3,0,0,1,1,1,0,0,1
amsterdam,0,0,3,0,0,1,0,0,0,0,0
bawahnya,0,0,1,0,0,1,0,0,0,0,0
lain,0,0,4,0,2,0,0,0,2,0,0
menjamu,0,0,1,0,0,0,0,0,0,1,1
julukan,0,0,1,0,0,0,0,0,1,1,1
tipi,0,0,1,0,0,0,0,0,1,0,0
selisih,0,0,1,0,0,0,0,0,0,0,0
dalam,0,0,1,0,1,1,1,2,0,3,1
drama,0,0,1,0,0,0,0,0,0,0,0
berakhir,0,0,1,0,0,0,2,0,1,0,0
dicetak,0,0,2,0,0,1,1,0,1,0,0
oleh,0,0,2,0,0,1,1,1,2,0,0
karim,0,0,2,0,0,0,0,2,3,0,0
benzema,0,0,2,0,0,0,0,2,4,0,0
sergio,0,0,4,1,0,0,0,0,3,0,0
ramo,0,0,3,0,0,0,0,0,3,0,0
muda,0,0,1,0,0,0,2,0,0,0,0
brasil,0,0,1,0,0,0,0,0,1,0,0
rodrygo,0,0,2,0,0,0,0,0,5,0,0
balasan,0,0,1,0,0,0,0,0,1,0,0
lautaro,0,0,2,0,0,0,0,0,6,0,0
martinez,0,0,2,0,0,0,0,0,7,0,0
ivan,0,0,2,0,0,0,0,0,5,0,0
peris,0,0,2,0,0,0,0,0,7,0,0
dimenangkan,0,0,1,0,0,0,0,0,0,0,0
dkk,0,0,1,0,0,0,0,0,1,0,0
melawan,0,0,1,0,0,2,0,0,0,1,1
mengakhiri,0,0,1,0,0,2,0,0,0,0,0
buruk,0,0,1,0,0,0,0,0,0,0,0
pernah,0,0,1,0,3,0,0,0,0,0,1
menempat,0,0,1,0,0,0,0,0,0,0,0
urutan,0,0,1,0,1,0,0,0,0,0,0
empat,0,0,1,1,0,0,3,1,1,0,0
sisi,0,0,2,0,1,0,0,0,5,0,0
terdampar,0,0,1,0,0,0,0,0,1,0,0
raihan,0,0,1,0,0,0,0,0,0,0,0
selain,0,0,1,0,0,0,0,0,0,1,1
terdapat,0,0,1,0,0,0,0,0,0,0,0
bayern,0,0,4,0,0,0,0,3,0,0,0
muenchen,0,0,4,0,0,0,0,2,0,0,0
monchengladbach,0,0,2,0,0,0,0,0,0,0,0
fc,0,0,3,0,0,0,0,0,0,0,0
porto,0,0,2,0,0,0,0,0,0,0,0
manchest,0,0,2,0,0,1,0,3,0,0,0
citi,0,0,2,0,0,2,0,1,0,0,0
atletico,0,0,2,0,0,0,9,0,1,0,0
tertahan,0,0,1,0,0,0,1,0,1,0,0
lokomotiv,0,0,2,0,0,0,9,0,1,0,0
gladbach,0,0,2,0,0,0,2,0,1,0,0
liba,0,0,1,0,0,0,0,0,1,0,0
berhasil,0,0,1,0,2,1,1,0,4,0,0
lawannya,0,0,1,0,0,0,0,0,0,0,0
enam,0,0,2,0,1,0,0,0,0,0,0
selaku,0,0,1,0,0,0,0,0,0,0,0
juara,0,0,1,0,9,0,0,0,0,1,1
bertahan,0,0,1,0,0,0,2,0,1,1,1
austria,0,0,1,0,0,0,0,0,0,0,0
rb,0,0,2,0,0,0,0,1,0,0,0
salzburg,0,0,2,0,0,0,0,1,0,0,0
skor,0,0,1,0,0,1,5,5,2,0,0
gladbcah,0,0,1,0,0,0,0,0,0,0,0
tampil,0,0,1,0,0,0,1,0,0,0,0
sempurna,0,0,1,0,0,0,0,0,0,0,0
nsk,0,0,1,0,0,0,0,0,0,0,0
olimpiyskiy,0,0,1,0,0,0,0,0,0,0,0
meliba,0,0,1,0,0,1,0,0,0,0,0
lengkap,0,0,1,0,0,0,0,0,0,0,0
moskwa,0,0,1,0,0,0,7,0,0,0,0
anton,0,0,1,0,0,0,1,0,0,0,0
miranchuk,0,0,1,0,0,0,1,0,0,0,0
penalti,0,0,3,0,0,0,3,0,1,0,0
jose,0,0,1,0,0,0,1,0,0,0,0
gimenez,0,0,1,0,0,0,1,0,0,0,0
mergim,0,0,1,0,0,0,0,0,0,0,0
berisha,0,0,1,0,0,0,0,0,0,0,0
masaya,0,0,1,0,0,0,0,0,0,0,0
okugawa,0,0,1,0,0,0,0,0,0,0,0
robert,0,0,1,0,0,0,0,3,0,0,0
lewandowski,0,0,1,0,0,0,0,5,0,0,0
rasmu,0,0,1,0,0,0,0,0,0,0,0
krintensen,0,0,1,0,0,0,0,0,0,0,0
bunuh,0,0,2,0,0,0,0,0,0,0,0
diri,0,0,2,0,0,0,0,0,0,0,0
jerom,0,0,1,0,0,0,0,0,0,0,0
boateng,0,0,1,0,0,0,0,0,0,0,0
leroy,0,0,1,0,0,0,0,0,0,0,0
sane,0,0,1,0,0,0,0,0,0,0,0
luca,0,0,1,0,0,0,0,0,1,0,0
hernandez,0,0,1,0,0,0,0,0,0,0,0
alessan,0,0,1,0,0,0,0,0,0,0,0
plea,0,0,1,0,0,0,1,1,0,0,0
valeriy,0,0,1,0,0,0,1,0,0,0,0
bondar,0,0,1,0,0,0,1,0,0,0,0
rami,0,0,1,0,0,0,0,0,0,0,0
bansebaini,0,0,1,0,0,0,0,0,0,0,0
lar,0,0,1,0,0,0,1,0,0,0,0
stindi,0,0,1,0,0,0,0,0,0,0,0
c,0,0,1,0,0,0,0,0,0,0,0
marseil,0,0,1,0,0,0,0,0,0,0,0
moussa,0,0,1,0,0,0,0,0,0,0,0
marega,0,0,1,0,0,0,0,0,0,0,0
oliveira,0,0,1,0,0,0,0,0,0,0,0
lui,0,0,1,0,0,0,1,0,0,0,0
diaz,0,0,1,0,0,0,0,0,0,0,0
olympiako,0,0,1,0,0,0,0,0,0,0,0
ferran,0,0,1,0,0,0,0,1,0,0,0
torr,0,0,1,0,0,0,0,1,0,0,0
gabriel,0,0,1,0,0,0,0,0,0,0,0
jesu,0,0,1,0,0,0,0,0,0,0,0
joao,0,0,1,0,0,0,1,0,0,0,0
cancelo,0,0,1,0,0,0,0,0,0,0,0
midtjylland,0,0,1,0,0,0,0,0,0,0,0
andr,0,0,1,0,0,0,0,0,0,0,0
dreyer,0,0,1,0,0,0,0,0,0,0,0
antoni,0,0,1,0,0,0,0,0,0,0,0
dusan,0,0,1,0,0,0,0,0,0,0,0
tadic,0,0,1,0,0,0,0,0,0,0,0
presiden,0,0,0,2,0,0,0,0,0,0,0
interim,0,0,0,2,0,0,0,0,0,0,0
barcelona,0,0,0,10,0,0,0,5,0,0,0
carl,0,0,0,2,0,0,0,0,0,0,0
tusquet,0,0,0,3,0,0,0,0,0,0,0
menegaskan,0,0,0,1,0,0,0,0,0,0,0
tak,0,0,0,3,0,1,2,0,0,1,2
pilih,0,0,0,2,0,0,0,0,0,0,0
kasih,0,0,0,2,0,0,0,0,0,0,0
soal,0,0,0,1,0,0,0,0,0,0,0
masalah,0,0,0,1,0,0,0,0,0,0,0
pemotongan,0,0,0,3,0,0,0,0,0,0,0
gaji,0,0,0,5,0,0,0,0,0,0,0
terkecuali,0,0,0,2,0,0,0,0,0,0,0
megabintang,0,0,0,1,0,0,0,0,0,0,0
lionel,0,0,0,3,0,0,0,2,0,0,0
messi,0,0,0,5,0,0,0,2,0,0,0
saat,0,0,0,2,2,0,0,3,0,0,0
dilanda,0,0,0,1,0,0,0,0,0,0,0
krisi,0,0,0,1,0,0,0,0,0,0,0
keuangan,0,0,0,1,0,0,0,0,0,0,0
akibat,0,0,0,1,0,0,0,0,0,0,0
dampak,0,0,0,1,0,0,0,0,0,0,0
pandemi,0,0,0,1,0,0,0,0,0,0,0
viru,0,0,0,1,0,0,0,0,0,0,0
corona,0,0,0,1,0,0,0,0,0,0,0
tengah,0,0,0,2,0,0,0,0,0,0,0
mewabah,0,0,0,1,0,0,0,0,0,0,0
seluruh,0,0,0,1,0,0,0,0,0,0,0
dunia,0,0,0,1,9,0,0,0,0,0,0
termasuk,0,0,0,1,0,0,0,1,0,0,0
spanyol,0,0,0,1,2,0,0,0,0,0,0
alhasil,0,0,0,1,0,0,0,0,0,0,0
manajemen,0,0,0,1,0,0,0,0,0,0,0
berpikir,0,0,0,1,0,0,0,0,0,0,1
kera,0,0,0,1,0,0,0,0,1,0,0
mencari,0,0,0,1,0,0,0,0,0,0,0
jalan,0,0,0,1,0,0,0,0,0,0,0
pinta,0,0,0,1,0,0,0,0,0,0,0
satunya,0,0,0,1,0,0,0,0,0,0,0
kepada,0,0,0,1,0,0,1,0,1,0,0
para,0,0,0,1,0,1,0,0,0,0,0
hal,0,0,0,1,1,0,0,1,0,0,1
dilakukan,0,0,0,1,0,0,0,0,0,0,0
agar,0,0,0,1,0,0,0,0,0,0,0
ancaman,0,0,0,1,0,0,0,0,0,1,0
bangkrut,0,0,0,1,0,0,0,0,0,0,0
januari,0,0,0,1,0,0,0,0,0,0,0
dynamo,0,0,0,2,0,0,0,2,0,0,0
kiev,0,0,0,2,0,0,0,1,0,0,0
bawa,0,0,0,1,0,0,0,0,0,0,0
kiper,0,0,0,1,0,1,2,0,1,0,0
bawah,0,0,0,1,0,0,0,0,0,0,0
usia,0,0,0,1,0,0,0,0,0,0,0
tahun,0,0,0,1,0,0,0,0,0,0,0
rencananya,0,0,0,1,0,0,0,0,0,0,0
semua,0,0,0,1,3,0,0,0,0,1,1
senior,0,0,0,1,0,0,0,0,0,0,0
kena,0,0,0,1,0,0,0,0,0,0,0
pangka,0,0,0,1,0,0,0,0,0,0,0
pihak,0,0,0,1,0,0,0,0,0,0,0
ogah,0,0,0,2,0,0,0,0,0,0,0
memberikan,0,0,0,1,0,0,0,0,0,0,0
perlakuan,0,0,0,1,0,0,0,0,0,0,0
khusu,0,0,0,3,0,0,0,1,0,0,1
sang,0,0,0,1,0,0,0,0,0,1,1
superstar,0,0,0,1,0,0,0,0,0,0,0
kesepakatan,0,0,0,2,0,0,0,0,0,0,0
dibuat,0,0,0,1,0,0,0,0,0,0,0
seperti,0,0,0,1,1,1,0,2,0,0,0
dilansir,0,0,0,1,0,0,0,0,0,0,0
bolasport,0,0,0,2,0,0,0,0,0,0,0
dapat,0,0,0,2,0,0,0,0,0,0,2
struktur,0,0,0,1,0,0,0,0,0,0,0
berbeda,0,0,0,2,0,1,0,0,0,0,0
kasu,0,0,0,1,0,0,0,0,0,0,0
serupa,0,0,0,1,1,0,0,0,0,0,0
individu,0,0,0,1,0,0,0,0,0,1,0
tutur,0,0,0,1,2,0,0,0,0,0,0
absen,0,0,0,1,0,0,0,0,0,0,0
lawan,0,0,0,1,0,0,0,0,0,0,2
baru,0,0,0,1,0,0,0,0,1,0,0
el,0,0,0,1,0,0,0,0,0,0,0
barca,0,0,0,1,0,0,0,0,0,0,0
setuju,0,0,0,1,0,0,0,0,0,0,0
rencana,0,0,0,1,0,0,0,0,0,0,0
roberto,0,0,0,1,0,0,0,0,1,1,0
gerard,0,0,0,1,0,0,0,0,0,0,0
piqu,0,0,0,1,0,0,0,0,0,0,0
clement,0,0,0,1,0,0,0,0,0,0,0
lenglet,0,0,0,1,0,0,0,0,0,0,0
frenki,0,0,0,1,0,0,0,0,0,0,0
de,0,0,0,1,0,0,0,0,1,0,0
jong,0,0,0,1,0,0,0,0,0,0,0
sebagaimana,0,0,0,1,0,0,0,0,0,0,0
dikutip,0,0,0,1,1,1,0,2,0,1,0
laman,0,0,0,1,0,0,0,0,0,1,1
marca,0,0,0,1,0,0,0,0,0,0,0
sendiri,0,0,0,1,0,0,0,0,0,0,0
masih,0,0,0,1,0,0,2,0,0,0,0
terikat,0,0,0,1,0,0,0,0,0,0,0
kontrak,0,0,0,1,0,0,0,0,0,0,0
hingga,0,0,0,1,1,0,2,0,2,0,0
upah,0,0,0,1,0,0,0,0,0,0,0
dia,0,0,0,1,0,0,2,1,0,1,2
dikatakan,0,0,0,1,0,0,0,0,0,0,0
tinggi,0,0,0,1,0,0,0,0,0,0,0
yakni,0,0,0,1,1,1,1,0,0,0,0
euro,0,0,0,1,0,0,0,0,0,0,0
rp,0,0,0,1,0,0,0,0,0,0,0
miliar,0,0,0,1,0,0,0,0,0,0,0
per,0,0,0,1,0,0,0,0,0,0,0
pekan,0,0,0,1,1,2,0,0,0,0,0
ade,0,0,0,1,0,0,0,0,0,0,0
jayadireja,0,0,0,1,0,0,0,0,0,0,0
tayang,0,0,0,1,0,0,0,0,0,0,0
judul,0,0,0,1,0,0,0,0,0,0,0
disunat,0,0,0,1,0,0,0,0,0,0,0
pebalap,0,0,0,0,7,0,0,0,0,0,0
suzuki,0,0,0,0,6,0,0,0,0,0,0
ecstar,0,0,0,0,1,0,0,0,0,0,0
joan,0,0,0,0,15,0,0,0,0,0,0
mir,0,0,0,0,15,0,0,0,0,0,0
dinilai,0,0,0,0,1,0,0,0,0,0,0
motogp,0,0,0,0,14,0,0,0,0,0,0
meskipun,0,0,0,0,1,0,0,0,0,0,0
memenangi,0,0,0,0,4,0,0,0,0,0,0
balapan,0,0,0,0,9,0,0,0,0,0,0
musim,0,0,0,0,8,0,0,0,0,1,0
pendapat,0,0,0,0,2,0,0,0,0,0,0
diungkapkan,0,0,0,0,2,0,0,0,0,0,0
andrea,0,0,0,0,1,0,0,0,0,0,0
dovizioso,0,0,0,0,7,0,0,0,0,0,0
ducati,0,0,0,0,1,0,0,0,0,0,0
jack,0,0,0,0,9,0,0,0,0,0,0
miller,0,0,0,0,9,0,0,0,0,0,0
pramac,0,0,0,0,1,0,0,0,0,0,0
race,0,0,0,0,1,0,0,0,0,0,0
melihat,0,0,0,0,4,0,0,0,0,0,0
jadwal,0,0,0,0,1,0,1,1,0,0,0
puncak,0,0,0,0,2,0,1,1,0,0,0
fabio,0,0,0,0,1,0,0,0,0,0,0
quartararo,0,0,0,0,3,0,0,0,0,0,0
petrona,0,0,0,0,1,0,0,0,0,0,0
yamaha,0,0,0,0,1,0,0,0,0,0,0
srt,0,0,0,0,1,0,0,0,0,0,0
fakta,0,0,0,0,1,0,0,0,0,0,0
menarik,0,0,0,0,1,0,0,0,2,0,0
pemenang,0,0,0,0,2,0,0,0,0,0,0
seri,0,0,0,0,3,0,0,0,0,0,0
pengoleksi,0,0,0,0,1,0,0,0,0,0,0
terbanyak,0,0,0,0,2,0,0,0,0,0,0
menyerah,0,0,0,0,1,0,0,0,0,0,0
berjuang,0,0,0,0,1,0,0,0,0,0,0
konsistensi,0,0,0,0,4,0,0,0,0,0,0
keberhasilan,0,0,0,0,1,1,0,0,0,0,0
naik,0,0,0,0,1,0,0,0,1,0,0
podium,0,0,0,0,1,0,0,0,0,0,0
menilai,0,0,0,0,3,0,0,0,0,0,0
perlu,0,0,0,0,5,0,0,0,0,0,0
mengambil,0,0,0,0,4,0,0,0,0,0,0
risiko,0,0,0,0,4,0,0,0,0,0,0
tersisa,0,0,0,0,2,0,0,0,0,0,0
saya,0,0,0,0,5,3,0,0,0,0,1
pikir,0,0,0,0,2,1,0,0,0,0,0
pent,0,0,0,0,2,2,0,0,0,0,3
lagi,0,0,0,0,1,0,1,0,1,0,0
situ,0,0,0,0,1,1,0,2,0,0,0
motorsport,0,0,0,0,1,0,0,0,0,0,0
selasa,0,0,0,0,1,0,1,0,0,0,0
aneh,0,0,0,0,1,0,0,0,0,0,0
beberapa,0,0,0,0,1,0,1,0,0,0,0
alasan,0,0,0,0,1,0,0,0,0,0,0
akhirnya,0,0,0,0,1,0,0,0,0,0,0
sebanyak,0,0,0,0,1,0,0,0,0,0,0
mungkin,0,0,0,0,3,0,0,0,0,0,0
pale,0,0,0,0,2,0,0,0,0,0,0
ucap,0,0,0,0,3,1,0,0,0,0,0
pasti,0,0,0,0,1,0,0,0,0,0,0
namun,0,0,0,0,1,1,2,0,0,0,0
faktor,0,0,0,0,1,0,0,0,0,0,0
utama,0,0,0,0,1,0,0,0,0,0,0
menambahkan,0,0,0,0,1,1,0,0,0,0,0
jadi,0,0,0,0,1,0,0,0,0,1,0
gelar,0,0,0,0,1,0,0,0,0,0,0
bo,0,0,0,0,1,0,0,0,0,0,0
angkat,0,0,0,0,1,0,0,0,0,0,0
bicara,0,0,0,0,1,0,0,0,0,0,0
performa,0,0,0,0,1,0,0,0,0,0,0
teringat,0,0,0,0,1,0,0,0,0,0,0
mantan,0,0,0,0,1,0,0,0,0,0,0
emilio,0,0,0,0,2,0,0,0,0,0,0
alzamora,0,0,0,0,3,0,0,0,0,0,0
emilia,0,0,0,0,1,0,0,0,0,0,0
kela,0,0,0,0,1,0,0,0,0,0,0
cc,0,0,0,0,1,0,0,0,0,0,0
satupun,0,0,0,0,1,0,0,0,0,0,0
terakhir,0,0,0,0,1,0,0,0,0,0,0
jika,0,0,0,0,3,0,0,0,0,1,0
kita,0,0,0,0,1,0,0,0,0,0,0
situasi,0,0,0,0,2,0,0,0,0,0,0
teru,0,0,0,0,1,0,0,0,0,0,0
berlanjut,0,0,0,0,1,0,0,0,0,0,0
sekarang,0,0,0,0,1,0,0,0,0,0,0
menganggap,0,0,0,0,1,0,0,0,0,0,0
tercepat,0,0,0,0,2,0,0,0,0,0,0
konsisten,0,0,0,0,1,0,0,0,0,0,0
sepanjang,0,0,0,0,1,1,0,2,0,0,0
berpeluang,0,0,0,0,1,0,0,0,0,0,0
raih,0,0,0,0,1,0,0,0,0,0,0
vinal,0,0,0,0,1,0,0,0,0,0,0
akui,0,0,0,0,1,0,0,0,0,0,0
kehebatan,0,0,0,0,1,0,0,0,0,0,0
selanjutnya,0,0,0,0,1,0,0,1,0,0,0
bersiap,0,0,0,0,1,0,0,0,0,0,0
sirkuit,0,0,0,0,2,0,0,0,0,0,0
ricardo,0,0,0,0,1,0,0,0,0,0,0
tomo,0,0,0,0,1,0,0,0,0,0,0
terletak,0,0,0,0,1,0,0,0,0,0,0
valencia,0,0,0,0,2,0,0,0,0,0,0
dijadwalkan,0,0,0,0,1,0,0,0,0,0,0
menggelar,0,0,0,0,1,0,0,0,0,0,0
sekaligu,0,0,0,0,1,0,0,0,0,0,0
eropa,0,0,0,0,1,1,0,0,0,0,0
pertama,0,0,0,0,1,1,1,0,2,2,1
minggu,0,0,0,0,1,1,0,0,0,0,0
dilanjutkan,0,0,0,0,1,0,0,0,0,0,0
berselang,0,0,0,0,1,0,0,0,1,0,0
juergen,0,0,0,0,0,2,0,0,0,6,6
klopp,0,0,0,0,0,10,0,0,0,7,6
kutukan,0,0,0,0,0,2,0,0,0,0,0
mengantar,0,0,0,0,0,1,0,0,0,0,0
merupakan,0,0,0,0,0,2,0,0,1,2,1
dihelat,0,0,0,0,0,2,0,0,0,0,0
gawang,0,0,0,0,0,1,2,1,1,0,0
menit,0,0,0,0,0,1,5,0,10,0,0
terhebat,0,0,0,0,0,1,0,0,0,0,0
karier,0,0,0,0,0,1,0,0,0,0,0
sebelumnya,0,0,0,0,0,1,0,1,0,0,0
mengunjungi,0,0,0,0,0,1,0,0,0,0,0
menelan,0,0,0,0,0,1,0,0,0,0,0
melawat,0,0,0,0,0,1,0,0,0,0,0
napoli,0,0,0,0,0,1,0,0,0,1,0
juventu,0,0,0,0,0,1,0,4,0,0,0
roma,0,0,0,0,0,1,0,0,0,1,0
dirasakan,0,0,0,0,0,1,0,0,0,0,0
menangani,0,0,0,0,0,1,0,0,0,0,0
semakin,0,0,0,0,0,1,0,0,0,0,0
mani,0,0,0,0,0,1,0,0,0,0,0
menciptakan,0,0,0,0,0,1,0,0,0,0,0
sejarah,0,0,0,0,0,2,0,0,0,1,0
terbesar,0,0,0,0,0,1,0,0,0,2,0
diraih,0,0,0,0,0,1,0,0,0,0,0
inggri,0,0,0,0,0,2,0,0,0,1,1
tandang,0,0,0,0,0,1,0,0,0,0,0
antarklub,0,0,0,0,0,1,0,0,0,0,0
pesta,0,0,0,0,0,1,1,1,0,0,0
bangkit,0,0,0,0,0,1,0,1,0,0,0
memuji,0,0,0,0,0,1,0,0,0,0,1
lini,0,0,0,0,0,1,0,0,0,0,0
serang,0,0,0,0,0,1,0,0,0,0,0
melainkan,0,0,0,0,0,1,0,0,0,0,0
penampilan,0,0,0,0,0,4,0,0,0,0,0
alisson,0,0,0,0,0,2,0,0,0,0,0
becker,0,0,0,0,0,2,0,0,0,0,0
butuhkan,0,0,0,0,0,1,0,0,0,0,0
luar,0,0,0,0,0,1,0,0,1,0,0
biasa,0,0,0,0,0,1,0,0,0,0,0
bt,0,0,0,0,0,1,0,0,0,0,0
sport,0,0,0,0,0,1,0,0,0,0,0
saja,0,0,0,0,0,1,0,0,0,0,0
penyelamatan,0,0,0,0,0,1,0,0,0,0,0
patut,0,0,0,0,0,1,0,0,0,0,0
diapresiasi,0,0,0,0,0,1,0,0,0,0,0
menahan,0,0,0,0,0,1,0,0,0,0,0
mo,0,0,0,0,0,1,0,0,0,0,0
tadi,0,0,0,0,0,1,0,0,0,0,0
tentang,0,0,0,0,0,1,0,0,0,0,1
atau,0,0,0,0,0,1,1,0,0,0,1
sistem,0,0,0,0,0,1,0,0,0,1,0
tentu,0,0,0,0,0,1,0,0,0,0,0
modal,0,0,0,0,0,1,0,0,0,0,0
bagi,0,0,0,0,0,1,0,0,0,2,6
man,0,0,0,0,0,1,0,2,0,0,0
lanjutan,0,0,0,0,0,1,1,1,0,0,0
etihad,0,0,0,0,0,1,0,0,0,0,0
berlangsung,0,0,0,0,0,0,1,0,1,0,0
rzd,0,0,0,0,0,0,1,0,0,0,0
arena,0,0,0,0,0,0,1,0,0,0,0
rusia,0,0,0,0,0,0,1,0,0,0,0
terlebih,0,0,0,0,0,0,1,0,1,0,0
dahulu,0,0,0,0,0,0,1,0,1,0,0
dikabarkan,0,0,0,0,0,0,1,0,0,0,0
menjelang,0,0,0,0,0,0,1,0,1,0,0
bermula,0,0,0,0,0,0,1,0,0,0,0
umpan,0,0,0,0,0,0,2,0,2,0,0
silang,0,0,0,0,0,0,2,0,1,0,0
hector,0,0,0,0,0,0,1,0,0,0,0
herrera,0,0,0,0,0,0,2,0,0,0,0
terkaw,0,0,0,0,0,0,1,0,0,0,0
melakukan,0,0,0,0,0,0,2,0,0,0,0
sundulan,0,0,0,0,0,0,3,0,1,0,0
menembu,0,0,0,0,0,0,1,0,0,0,1
jala,0,0,0,0,0,0,1,0,0,0,0
guilherm,0,0,0,0,0,0,3,0,0,0,0
pun,0,0,0,0,0,0,3,0,0,0,0
berubah,0,0,0,0,0,0,3,0,1,0,0
keunggulan,0,0,0,0,0,0,1,0,2,0,1
diego,0,0,0,0,0,0,1,0,0,0,0
simeon,0,0,0,0,0,0,1,0,0,0,0
lama,0,0,0,0,0,0,1,0,0,0,0
mendapat,0,0,0,0,0,0,2,0,0,0,0
hadiah,0,0,0,0,0,0,1,0,0,0,0
dianggap,0,0,0,0,0,0,1,0,0,0,0
handbal,0,0,0,0,0,0,1,0,0,0,0
area,0,0,0,0,0,0,1,0,0,0,0
terlarang,0,0,0,0,0,0,1,0,0,0,0
meninjau,0,0,0,0,0,0,1,0,0,0,0
var,0,0,0,0,0,0,1,0,0,0,0
wasit,0,0,0,0,0,0,2,0,0,0,0
benoit,0,0,0,0,0,0,1,0,0,0,0
bastien,0,0,0,0,0,0,1,0,0,0,0
memberi,0,0,0,0,0,0,2,0,1,0,0
mengeksekusi,0,0,0,0,0,0,1,0,0,0,0
mengecoh,0,0,0,0,0,0,1,0,0,0,0
jan,0,0,0,0,0,0,1,0,0,0,0
oblak,0,0,0,0,0,0,1,0,0,0,0
babak,0,0,0,0,0,0,2,1,2,0,0
usai,0,0,0,0,0,0,1,0,0,0,0
menanti,0,0,0,0,0,0,1,0,0,0,0
kebangkitan,0,0,0,0,0,0,1,0,0,0,0
peluang,0,0,0,0,0,0,1,0,2,0,0
ema,0,0,0,0,0,0,1,0,1,0,0
antaranya,0,0,0,0,0,0,1,0,0,0,0
melalui,0,0,0,0,0,0,1,0,1,0,2
suarez,0,0,0,0,0,0,3,0,0,0,0
felix,0,0,0,0,0,0,2,0,0,0,0
f,0,0,0,0,0,0,2,0,0,0,0
lix,0,0,0,0,0,0,2,0,0,0,0
menunjukkan,0,0,0,0,0,0,1,0,0,0,0
pergerakan,0,0,0,0,0,0,1,0,0,0,0
kaki,0,0,0,0,0,0,1,0,3,0,0
cepat,0,0,0,0,0,0,1,0,1,0,0
diantisipasi,0,0,0,0,0,0,1,0,0,0,0
berturut,0,0,0,0,0,0,1,0,0,0,0
turut,0,0,0,0,0,0,1,0,0,0,0
menggagalkan,0,0,0,0,0,0,1,0,0,0,0
upaya,0,0,0,0,0,0,1,0,0,0,0
menepi,0,0,0,0,0,0,1,0,1,0,0
tendangan,0,0,0,0,0,0,1,0,0,0,0
melengkung,0,0,0,0,0,0,1,0,0,0,0
menghalau,0,0,0,0,0,0,1,0,0,0,0
portug,0,0,0,0,0,0,1,2,0,0,0
jo,0,0,0,0,0,0,1,0,0,0,0
attempt,0,0,0,0,0,0,1,0,0,0,0
five,0,0,0,0,0,0,1,0,0,0,0
shot,0,0,0,0,0,0,1,0,0,0,0
thi,0,0,0,0,0,0,1,0,0,0,0
game,0,0,0,0,0,0,1,0,0,0,0
one,0,0,0,0,0,0,1,0,0,0,0
moscow,0,0,0,0,0,0,1,0,0,0,0
player,0,0,0,0,0,0,2,0,0,0,0
combin,0,0,0,0,0,0,1,0,0,0,0
effort,0,0,0,0,0,0,1,0,0,0,0
pic,0,0,0,0,0,0,1,1,0,0,0
twitter,0,0,0,0,0,0,1,1,0,0,0
msqeulcz,0,0,0,0,0,0,1,0,0,0,0
meniup,0,0,0,0,0,0,1,0,0,0,0
peluit,0,0,0,0,0,0,1,0,0,0,0
tanda,0,0,0,0,0,0,1,0,0,0,0
usainya,0,0,0,0,0,0,1,0,0,0,0
tercipta,0,0,0,0,0,0,1,0,1,0,0
menutup,0,0,0,0,0,0,1,0,0,0,0
berlaga,0,0,0,0,0,0,2,0,0,0,0
menempati,0,0,0,0,0,0,2,2,0,0,0
peringkat,0,0,0,0,0,0,1,0,1,0,0
jerman,0,0,0,0,0,0,1,0,0,1,0
alassan,0,0,0,0,0,0,1,1,0,0,0
kedelapan,0,0,0,0,0,0,1,0,0,0,0
serta,0,0,0,0,0,0,1,0,1,0,1
torehan,0,0,0,0,0,0,1,1,0,0,0
bensebaini,0,0,0,0,0,0,1,0,0,0,0
stindl,0,0,0,0,0,0,1,0,0,0,0
keduanya,0,0,0,0,0,0,1,0,0,0,0
bergantung,0,0,0,0,0,0,1,0,0,0,0
result,0,0,0,0,0,0,1,0,0,0,0
biggest,0,0,0,0,0,0,1,0,0,0,0
leagu,0,0,0,0,0,0,1,1,0,0,0
win,0,0,0,0,0,0,1,0,0,0,0
ever,0,0,0,0,0,0,1,0,0,0,0
moskva,0,0,0,0,0,0,1,0,0,0,0
hold,0,0,0,0,0,0,1,0,0,0,0
atl,0,0,0,0,0,0,1,0,0,0,0
tico,0,0,0,0,0,0,1,0,0,0,0
russia,0,0,0,0,0,0,1,0,0,0,0
impress,0,0,0,0,0,0,1,0,0,0,0
ucl,0,0,0,0,0,0,1,1,0,0,0
penyerang,0,0,0,0,0,0,0,6,0,0,0
terata,0,0,0,0,0,0,0,2,0,0,0
daftar,0,0,0,0,0,0,0,4,0,0,0
top,0,0,0,0,0,0,0,4,0,2,0
menyusul,0,0,0,0,0,0,0,1,0,0,0
aksi,0,0,0,0,0,0,0,1,0,0,0
impresif,0,0,0,0,0,0,0,1,0,0,0
membawa,0,0,0,0,0,0,0,2,0,0,1
berkat,0,0,0,0,0,0,0,1,2,0,0
nya,0,0,0,0,0,0,0,1,0,0,0
memuncaki,0,0,0,0,0,0,0,1,0,0,0
total,0,0,0,0,0,0,0,2,0,0,0
keseluruhan,0,0,0,0,0,0,0,2,0,0,0
catatan,0,0,0,0,0,0,0,3,0,1,0
unit,0,0,0,0,0,0,0,4,0,0,0
marcu,0,0,0,0,0,0,0,1,0,0,0
rashford,0,0,0,0,0,0,0,2,0,0,0
menyumbang,0,0,0,0,0,0,0,1,0,0,0
midtyjlland,0,0,0,0,0,0,0,1,0,0,0
denmark,0,0,0,0,0,0,0,1,0,0,0
berikutnya,0,0,0,0,0,0,0,2,0,0,1
duvan,0,0,0,0,0,0,0,1,0,0,0
zapata,0,0,0,0,0,0,0,1,0,0,0
telah,0,0,0,0,0,0,0,4,0,0,0
beken,0,0,0,0,0,0,0,1,0,0,0
mengisi,0,0,0,0,0,0,0,1,0,0,1
leipzig,0,0,0,0,0,0,0,1,0,0,0
psg,0,0,0,0,0,0,0,1,0,0,0
golnya,0,0,0,0,0,0,0,1,0,0,0
resmi,0,0,0,0,0,0,0,2,0,1,0
keempat,0,0,0,0,0,0,0,1,0,0,0
sebagai,0,0,0,0,0,0,0,1,0,0,0
masa,0,0,0,0,0,0,0,2,0,0,0
polandia,0,0,0,0,0,0,0,1,0,0,0
berjarak,0,0,0,0,0,0,0,1,0,0,0
legenda,0,0,0,0,0,0,0,1,0,0,0
raul,0,0,0,0,0,0,0,2,0,0,0
gonzalez,0,0,0,0,0,0,0,2,0,0,0
selama,0,0,0,0,0,0,0,2,0,1,0
goal,0,0,0,0,0,0,0,1,0,0,0
ra,0,0,0,0,0,0,0,1,0,0,0
l,0,0,0,0,0,0,0,1,0,0,0
gonz,0,0,0,0,0,0,0,1,0,0,0
lez,0,0,0,0,0,0,0,1,0,0,0
favourit,0,0,0,0,0,0,0,1,0,0,0
forward,0,0,0,0,0,0,0,1,0,0,0
pkwutel,0,0,0,0,0,0,0,1,0,0,0
ditempati,0,0,0,0,0,0,0,1,0,0,0
cristiano,0,0,0,0,0,0,0,2,0,0,0
ronaldo,0,0,0,0,0,0,0,2,0,0,0
pencetak,0,0,0,0,0,0,0,1,0,0,0
uefa,0,0,0,0,0,0,0,1,0,1,0
kualifikasi,0,0,0,0,0,0,0,1,0,0,0
schalk,0,0,0,0,0,0,0,1,0,0,0
dortmund,0,0,0,0,0,0,0,1,0,0,0
lyon,0,0,0,0,0,0,0,1,0,0,0
ruud,0,0,0,0,0,0,0,1,0,0,0
van,0,0,0,0,0,0,0,1,0,1,0
nistelrooy,0,0,0,0,0,0,0,1,0,0,0
psv,0,0,0,0,0,0,0,1,0,0,0
eindhoven,0,0,0,0,0,0,0,1,0,0,0
thierri,0,0,0,0,0,0,0,1,0,0,0
henri,0,0,0,0,0,0,0,1,0,0,0
monaco,0,0,0,0,0,0,0,1,0,0,0
arsen,0,0,0,0,0,0,0,1,0,0,0
zlatan,0,0,0,0,0,0,0,1,0,0,0
ibrahimov,0,0,0,0,0,0,0,1,0,0,0
ac,0,0,0,0,0,0,0,3,0,0,0
pari,0,0,0,0,0,0,0,1,0,0,0
saint,0,0,0,0,0,0,0,1,0,0,0
germain,0,0,0,0,0,0,0,1,0,0,0
andriy,0,0,0,0,0,0,0,1,0,0,0
shevchenko,0,0,0,0,0,0,0,1,0,0,0
kyiv,0,0,0,0,0,0,0,1,0,0,0
chelsea,0,0,0,0,0,0,0,1,0,0,0
filippo,0,0,0,0,0,0,0,1,0,0,0
inzaghi,0,0,0,0,0,0,0,1,0,0,0
thoma,0,0,0,0,0,0,0,1,0,0,0
ller,0,0,0,0,0,0,0,1,0,0,0
tertingg,0,0,0,0,0,0,0,0,1,0,0
jalannya,0,0,0,0,0,0,0,0,1,0,1
ketat,0,0,0,0,0,0,0,0,1,0,0
menghasilkan,0,0,0,0,0,0,0,0,1,0,0
meski,0,0,0,0,0,0,0,0,2,0,0
penguasaan,0,0,0,0,0,0,0,0,1,0,0
bola,0,0,0,0,0,0,0,0,3,0,0
berimbang,0,0,0,0,0,0,0,0,1,0,0
cukup,0,0,0,0,0,0,0,0,1,0,0
jauh,0,0,0,0,0,0,0,0,1,0,0
melepaskan,0,0,0,0,0,0,0,0,2,0,0
tembakan,0,0,0,0,0,0,0,0,5,0,0
tepat,0,0,0,0,0,0,0,0,1,0,0
sasaran,0,0,0,0,0,0,0,0,1,0,0
berband,0,0,0,0,0,0,0,0,1,0,0
milik,0,0,0,0,0,0,0,0,2,0,0
sontekan,0,0,0,0,0,0,0,0,1,0,0
hakimi,0,0,0,0,0,0,0,0,2,0,0
blunder,0,0,0,0,0,0,0,0,1,0,0
memasuki,0,0,0,0,0,0,0,0,1,0,0
bakak,0,0,0,0,0,0,0,0,1,0,0
tempo,0,0,0,0,0,0,0,0,2,0,0
sedikit,0,0,0,0,0,0,0,0,2,0,0
lambat,0,0,0,0,0,0,0,0,1,0,0
melaukukan,0,0,0,0,0,0,0,0,1,0,0
perubahan,0,0,0,0,0,0,0,0,1,0,0
keluar,0,0,0,0,0,0,0,0,2,0,0
eden,0,0,0,0,0,0,0,0,2,0,0
hazard,0,0,0,0,0,0,0,0,3,0,0
marco,0,0,0,0,0,0,0,0,2,0,0
asensio,0,0,0,0,0,0,0,0,2,0,0
kesempatan,0,0,0,0,0,0,0,0,1,0,0
viniciu,0,0,0,0,0,0,0,0,4,0,0
junior,0,0,0,0,0,0,0,0,1,0,0
nyari,0,0,0,0,0,0,0,0,2,0,0
memperlebar,0,0,0,0,0,0,0,0,1,0,0
andai,0,0,0,0,0,0,0,0,2,0,0
kanan,0,0,0,0,0,0,0,0,3,0,0
luva,0,0,0,0,0,0,0,0,1,0,0
vazquez,0,0,0,0,0,0,0,0,3,0,0
kotak,0,0,0,0,0,0,0,0,1,0,0
melebar,0,0,0,0,0,0,0,0,2,0,0
menyeimbangkan,0,0,0,0,0,0,0,0,1,0,0
kedudukan,0,0,0,0,0,0,0,0,1,0,0
beraw,0,0,0,0,0,0,0,0,1,0,0
lambung,0,0,0,0,0,0,0,0,1,0,0
barella,0,0,0,0,0,0,0,0,2,0,0
lolso,0,0,0,0,0,0,0,0,1,0,0
jebakan,0,0,0,0,0,0,0,0,1,0,0
offsid,0,0,0,0,0,0,0,0,1,0,0
membelokkan,0,0,0,0,0,0,0,0,1,0,0
arah,0,0,0,0,0,0,0,0,1,0,0
kiri,0,0,0,0,0,0,0,0,3,0,0
pertahanan,0,0,0,0,0,0,0,0,1,0,3
dikaw,0,0,0,0,0,0,0,0,1,0,0
mdrid,0,0,0,0,0,0,0,0,1,0,0
thibaut,0,0,0,0,0,0,0,0,2,0,0
courtoi,0,0,0,0,0,0,0,0,2,0,0
kesulitan,0,0,0,0,0,0,0,0,1,0,0
memantul,0,0,0,0,0,0,0,0,1,0,0
cetak,0,0,0,0,0,0,0,0,1,0,0
dedikasikan,0,0,0,0,0,0,0,0,1,0,0
fan,0,0,0,0,0,0,0,0,1,0,0
langsung,0,0,0,0,0,0,0,0,1,0,0
kembali,0,0,0,0,0,0,0,0,1,0,0
serangan,0,0,0,0,0,0,0,0,1,0,2
balik,0,0,0,0,0,0,0,0,1,0,0
berbuah,0,0,0,0,0,0,0,0,1,0,0
memasukkan,0,0,0,0,0,0,0,0,2,0,0
alexi,0,0,0,0,0,0,0,0,2,0,0
sanchez,0,0,0,0,0,0,0,0,2,0,0
menambah,0,0,0,0,0,0,0,0,1,0,0
daya,0,0,0,0,0,0,0,0,1,0,0
gedor,0,0,0,0,0,0,0,0,1,0,0
toni,0,0,0,0,0,0,0,0,2,0,0
kroo,0,0,0,0,0,0,0,0,2,0,0
luka,0,0,0,0,0,0,0,0,2,0,0
modric,0,0,0,0,0,0,0,0,2,0,0
duo,0,0,0,0,0,0,0,0,1,0,0
jr,0,0,0,0,0,0,0,0,3,0,0
diselesaikan,0,0,0,0,0,0,0,0,1,0,0
tambahan,0,0,0,0,0,0,0,0,1,0,0
susunan,0,0,0,0,0,0,0,0,1,0,0
raphael,0,0,0,0,0,0,0,0,1,0,0
ferland,0,0,0,0,0,0,0,0,1,0,0
mendi,0,0,0,0,0,0,0,0,1,0,0
casemiro,0,0,0,0,0,0,0,0,1,0,0
federico,0,0,0,0,0,0,0,0,1,0,0
valverd,0,0,0,0,0,0,0,0,1,0,0
samir,0,0,0,0,0,0,0,0,1,0,0
handanov,0,0,0,0,0,0,0,0,1,0,0
danilo,0,0,0,0,0,0,0,0,1,0,0
ambrosio,0,0,0,0,0,0,0,0,1,0,0
stefan,0,0,0,0,0,0,0,0,1,0,0
vrij,0,0,0,0,0,0,0,0,1,0,0
alessandro,0,0,0,0,0,0,0,0,1,0,0
bastoni,0,0,0,0,0,0,0,0,1,0,0
achraf,0,0,0,0,0,0,0,0,1,0,0
nicolo,0,0,0,0,0,0,0,0,1,0,0
gagliardini,0,0,0,0,0,0,0,0,1,0,0
marcelo,0,0,0,0,0,0,0,0,1,0,0
brozov,0,0,0,0,0,0,0,0,1,0,0
arturo,0,0,0,0,0,0,0,0,1,0,0
vidal,0,0,0,0,0,0,0,0,1,0,0
radja,0,0,0,0,0,0,0,0,1,0,0
nainggolan,0,0,0,0,0,0,0,0,1,0,0
ashley,0,0,0,0,0,0,0,0,1,0,0
young,0,0,0,0,0,0,0,0,1,0,0
gelaran,0,0,0,0,0,0,0,0,0,1,1
mempertemukan,0,0,0,0,0,0,0,0,0,1,0
azzuri,0,0,0,0,0,0,0,0,0,1,1
punya,0,0,0,0,0,0,0,0,0,1,0
pengalaman,0,0,0,0,0,0,0,0,0,1,0
tiap,0,0,0,0,0,0,0,0,0,1,0
negeri,0,0,0,0,0,0,0,0,0,1,0
pizza,0,0,0,0,0,0,0,0,0,1,0
ajang,0,0,0,0,0,0,0,0,0,2,0
banjiri,0,0,0,0,0,0,0,0,0,1,1
la,0,0,0,0,0,0,0,0,0,1,3
dea,0,0,0,0,0,0,0,0,0,1,3
pujian,0,0,0,0,0,0,0,0,0,1,1
sejak,0,0,0,0,0,0,0,0,0,1,1
menukangi,0,0,0,0,0,0,0,0,0,1,0
pulang,0,0,0,0,0,0,0,0,0,1,0
tangan,0,0,0,0,0,0,0,0,0,1,0
hampa,0,0,0,0,0,0,0,0,0,1,0
menurut,0,0,0,0,0,0,0,0,0,1,0
opta,0,0,0,0,0,0,0,0,0,1,0
kalah,0,0,0,0,0,0,0,0,0,1,0
lawatannya,0,0,0,0,0,0,0,0,0,1,0
bersama,0,0,0,0,0,0,0,0,0,1,0
negatif,0,0,0,0,0,0,0,0,0,1,0
mei,0,0,0,0,0,0,0,0,0,1,0
tumbang,0,0,0,0,0,0,0,0,0,1,0
kandang,0,0,0,0,0,0,0,0,0,1,0
sisanya,0,0,0,0,0,0,0,0,0,1,0
keok,0,0,0,0,0,0,0,0,0,1,0
oktob,0,0,0,0,0,0,0,0,0,1,0
septemb,0,0,0,0,0,0,0,0,0,1,0
dewi,0,0,0,0,0,0,0,0,0,1,1
siap,0,0,0,0,0,0,0,0,0,1,2
sakiti,0,0,0,0,0,0,0,0,0,1,1
heran,0,0,0,0,0,0,0,0,0,1,0
racik,0,0,0,0,0,0,0,0,0,1,0
strategi,0,0,0,0,0,0,0,0,0,1,0
mewaspadai,0,0,0,0,0,0,0,0,0,1,0
berisi,0,0,0,0,0,0,0,0,0,1,0
rekrutmen,0,0,0,0,0,0,0,0,0,1,0
puji,0,0,0,0,0,0,0,0,0,1,0
terorganisir,0,0,0,0,0,0,0,0,0,1,1
keyakinan,0,0,0,0,0,0,0,0,0,1,0
persen,0,0,0,0,0,0,0,0,0,1,0
menggunakan,0,0,0,0,0,0,0,0,0,1,0
skill,0,0,0,0,0,0,0,0,0,1,0
cara,0,0,0,0,0,0,0,0,0,1,1
cerda,0,0,0,0,0,0,0,0,0,1,0
ujian,0,0,0,0,0,0,0,0,0,1,0
mengarungi,0,0,0,0,0,0,0,0,0,1,0
tajam,0,0,0,0,0,0,0,0,0,1,0
firmino,0,0,0,0,0,0,0,0,0,1,0
tantangan,0,0,0,0,0,0,0,0,0,1,0
miliki,0,0,0,0,0,0,0,0,0,1,0
ungkapnya,0,0,0,0,0,0,0,0,0,1,0
dilawan,0,0,0,0,0,0,0,0,0,1,0
mirip,0,0,0,0,0,0,0,0,0,1,0
leed,0,0,0,0,0,0,0,0,0,1,0
tandasnya,0,0,0,0,0,0,0,0,0,1,0
datang,0,0,0,0,0,0,0,0,0,1,1
skuad,0,0,0,0,0,0,0,0,0,1,0
pincang,0,0,0,0,0,0,0,0,0,1,0
sebab,0,0,0,0,0,0,0,0,0,1,0
kehilangan,0,0,0,0,0,0,0,0,0,1,0
fabinho,0,0,0,0,0,0,0,0,0,1,0
hamstr,0,0,0,0,0,0,0,0,0,1,0
oxlad,0,0,0,0,0,0,0,0,0,1,0
chamberlain,0,0,0,0,0,0,0,0,0,1,0
lutut,0,0,0,0,0,0,0,0,0,2,0
dijk,0,0,0,0,0,0,0,0,0,1,0
cedera,0,0,0,0,0,0,0,0,0,1,0
partai,0,0,0,0,0,0,0,0,0,0,1
agresif,0,0,0,0,0,0,0,0,0,0,2
menyambut,0,0,0,0,0,0,0,0,0,0,1
diaks,0,0,0,0,0,0,0,0,0,0,1
mase,0,0,0,0,0,0,0,0,0,0,2
sale,0,0,0,0,0,0,0,0,0,0,1
gian,0,0,0,0,0,0,0,0,0,0,2
piero,0,0,0,0,0,0,0,0,0,0,2
gasperini,0,0,0,0,0,0,0,0,0,0,2
merasa,0,0,0,0,0,0,0,0,0,0,1
terhormat,0,0,0,0,0,0,0,0,0,0,1
petaka,0,0,0,0,0,0,0,0,0,0,1
tanah,0,0,0,0,0,0,0,0,0,0,2
rujukan,0,0,0,0,0,0,0,0,0,0,1
suatu,0,0,0,0,0,0,0,0,0,0,1
kehormatan,0,0,0,0,0,0,0,0,0,0,1
terang,0,0,0,0,0,0,0,0,0,0,1
fundament,0,0,0,0,0,0,0,0,0,0,1
terkuat,0,0,0,0,0,0,0,0,0,0,1
setidaknya,0,0,0,0,0,0,0,0,0,0,1
teori,0,0,0,0,0,0,0,0,0,0,1
tega,0,0,0,0,0,0,0,0,0,0,1
sebaliknya,0,0,0,0,0,0,0,0,0,0,1
waspada,0,0,0,0,0,0,0,0,0,0,1
terken,0,0,0,0,0,0,0,0,0,0,1
agresivita,0,0,0,0,0,0,0,0,0,0,1
memandang,0,0,0,0,0,0,0,0,0,0,1
latar,0,0,0,0,0,0,0,0,0,0,1
belakang,0,0,0,0,0,0,0,0,0,0,1
dipandang,0,0,0,0,0,0,0,0,0,0,1
sebelah,0,0,0,0,0,0,0,0,0,0,1
mata,0,0,0,0,0,0,0,0,0,0,1
dihancurkan,0,0,0,0,0,0,0,0,0,0,1
bek,0,0,0,0,0,0,0,0,0,0,1
trent,0,0,0,0,0,0,0,0,0,0,1
alexand,0,0,0,0,0,0,0,0,0,0,1
arnold,0,0,0,0,0,0,0,0,0,0,1
menemukan,0,0,0,0,0,0,0,0,0,0,1
perjuangkan,0,0,0,0,0,0,0,0,0,0,1
kalinya,0,0,0,0,0,0,0,0,0,0,1
tegasnya,0,0,0,0,0,0,0,0,0,0,1
dirinya,0,0,0,0,0,0,0,0,0,0,1
pasalnya,0,0,0,0,0,0,0,0,0,0,1
lalu,0,0,0,0,0,0,0,0,0,0,1
sekalipun,0,0,0,0,0,0,0,0,0,0,1
timnya,0,0,0,0,0,0,0,0,0,0,1
penta,0,0,0,0,0,0,0,0,0,0,2
aplikasi,0,0,0,0,0,0,0,0,0,0,1
r,1,0,0,0,0,0,0,0,0,0,0
